file,species
0021e90e4.png,Common wheat
003d61042.png,Small-flowered Cranesbill
007b3da8b.png,Small-flowered Cranesbill
0086a6340.png,Maize
00c47e980.png,Small-flowered Cranesbill
00d090cde.png,Maize
00ef713a8.png,Loose Silky-bent
01291174f.png,Common Chickweed
026716f9b.png,Black-grass
02cfeb38d.png,Common wheat
03566743d.png,Common Chickweed
03a2ee656.png,Loose Silky-bent
03e322a29.png,Common Chickweed
03ef36742.png,Scentless Mayweed
043449b0b.png,Charlock
0437393b1.png,Shepherds Purse
04814f36d.png,Black-grass
05341a8a6.png,Shepherds Purse
060450d79.png,Loose Silky-bent
060f1dc84.png,Charlock
0625f063b.png,Maize
063363305.png,Loose Silky-bent
06d12f6fa.png,Small-flowered Cranesbill
071cb3ece.png,Cleavers
0751c0bbc.png,Shepherds Purse
07e62f903.png,Common Chickweed
085974290.png,Loose Silky-bent
0885e7690.png,Loose Silky-bent
089ad62a7.png,Scentless Mayweed
08d591441.png,Fat Hen
0911d3dee.png,Common Chickweed
099b961ec.png,Maize
0a64e3e6c.png,Small-flowered Cranesbill
0ad9e7dfb.png,Loose Silky-bent
0ae6668fa.png,Fat Hen
0bf7bfb05.png,Loose Silky-bent
0c27cf05f.png,Common Chickweed
0c4199daa.png,Maize
0c45ace27.png,Small-flowered Cranesbill
0c51bf229.png,Small-flowered Cranesbill
0c5f6c493.png,Loose Silky-bent
0caeda5df.png,Common wheat
0d117d910.png,Small-flowered Cranesbill
0d31e6602.png,Common Chickweed
0dba99002.png,Common Chickweed
0e8492cb1.png,Common wheat
0ebf8f2f4.png,Cleavers
0ee4ad224.png,Loose Silky-bent
0f6cbe5e8.png,Charlock
0fb233ad6.png,Charlock
115f93ecc.png,Scentless Mayweed
116b136de.png,Loose Silky-bent
1191ba346.png,Common wheat
11d3f68ff.png,Cleavers
122913909.png,Sugar beet
12625488b.png,Sugar beet
126a71ce0.png,Black-grass
1312065a5.png,Fat Hen
1364b297a.png,Fat Hen
1376f3b63.png,Common wheat
13b9fa92d.png,Maize
1459e96a0.png,Common Chickweed
148bbda66.png,Black-grass
14bb43eee.png,Loose Silky-bent
1541bdb2e.png,Loose Silky-bent
1623fb9e1.png,Shepherds Purse
16357b436.png,Maize
16467a950.png,Cleavers
165681fd9.png,Loose Silky-bent
1694a70e4.png,Shepherds Purse
16fd2e01a.png,Loose Silky-bent
172f9b10b.png,Fat Hen
17529c555.png,Scentless Mayweed
1758a1baf.png,Maize
177d7e2a4.png,Loose Silky-bent
17a78fb44.png,Loose Silky-bent
17d5e5ac4.png,Common Chickweed
1821eb11a.png,Sugar beet
187668bde.png,Scentless Mayweed
1926e82fd.png,Small-flowered Cranesbill
19618ad6a.png,Common Chickweed
19b51843a.png,Loose Silky-bent
19e58cc5e.png,Common Chickweed
19fdf19fb.png,Loose Silky-bent
1b490196c.png,Small-flowered Cranesbill
1b6a6494d.png,Shepherds Purse
1be0713da.png,Charlock
1bf9b94a6.png,Maize
1c52ea820.png,Scentless Mayweed
1c680883c.png,Loose Silky-bent
1cfd91582.png,Scentless Mayweed
1d0cbd819.png,Scentless Mayweed
1d321253f.png,Cleavers
1d48b7564.png,Small-flowered Cranesbill
1d56351b2.png,Common Chickweed
1dc7c45df.png,Common Chickweed
1e095a7e1.png,Cleavers
1f290e016.png,Cleavers
1f3f44563.png,Cleavers
1f5e5554e.png,Common Chickweed
1fefb54b7.png,Scentless Mayweed
205df1df3.png,Scentless Mayweed
20817c846.png,Shepherds Purse
20e562fd5.png,Maize
20ea96bcc.png,Fat Hen
20f983a71.png,Common wheat
2126dc71b.png,Black-grass
219fd68d5.png,Common Chickweed
223e4af09.png,Scentless Mayweed
22e79540f.png,Sugar beet
22fbf13d6.png,Shepherds Purse
239bdf640.png,Charlock
23bc8ec4f.png,Scentless Mayweed
23e480e64.png,Maize
2406d6c99.png,Common Chickweed
241e6935a.png,Cleavers
248436078.png,Black-grass
24a058589.png,Small-flowered Cranesbill
24c94a6ca.png,Common wheat
24d36c52c.png,Sugar beet
24d78df74.png,Sugar beet
24dbc3b21.png,Charlock
258b1183c.png,Black-grass
25a4c427e.png,Loose Silky-bent
25cf6eb73.png,Loose Silky-bent
25fa8d109.png,Small-flowered Cranesbill
26852751a.png,Loose Silky-bent
2693e5c65.png,Common Chickweed
26e7ae885.png,Scentless Mayweed
270b939cf.png,Loose Silky-bent
279df95f2.png,Scentless Mayweed
288564c76.png,Charlock
29bab7cad.png,Sugar beet
29ce426a1.png,Charlock
29f49cd0b.png,Common Chickweed
2a5064f19.png,Charlock
2a667e099.png,Loose Silky-bent
2b55a2da2.png,Loose Silky-bent
2bd74d2da.png,Sugar beet
2d5058a59.png,Loose Silky-bent
2d992d1fb.png,Small-flowered Cranesbill
2d9c798f9.png,Black-grass
2dd5cfba9.png,Common Chickweed
2df78338c.png,Charlock
2e86f1085.png,Charlock
2ea664465.png,Common Chickweed
2f0004a7f.png,Cleavers
2f246d688.png,Common wheat
2ff5cb348.png,Small-flowered Cranesbill
30ad31220.png,Loose Silky-bent
3185294c8.png,Fat Hen
31f3dd81f.png,Sugar beet
31fcdc161.png,Fat Hen
3281183f9.png,Shepherds Purse
32a8c8a1d.png,Charlock
32b42c120.png,Maize
32c86784b.png,Charlock
33317fc2a.png,Common wheat
33448fe39.png,Loose Silky-bent
33748968f.png,Scentless Mayweed
338c7e907.png,Common Chickweed
34dd57ca9.png,Charlock
3526b05cc.png,Fat Hen
35a90f8d0.png,Scentless Mayweed
35cf9fa01.png,Scentless Mayweed
35ebe165c.png,Loose Silky-bent
36839d5e9.png,Loose Silky-bent
36d62bf36.png,Common Chickweed
36ed4f215.png,Sugar beet
37297a64c.png,Fat Hen
37714071b.png,Sugar beet
377283a21.png,Small-flowered Cranesbill
37c3108d6.png,Shepherds Purse
37e545a60.png,Sugar beet
3827436f3.png,Small-flowered Cranesbill
38c054379.png,Common Chickweed
391dcd7fd.png,Fat Hen
39858776a.png,Common Chickweed
39b740f7e.png,Black-grass
39c8fde99.png,Small-flowered Cranesbill
39d569be4.png,Fat Hen
3a909ead8.png,Common Chickweed
3abb502fb.png,Loose Silky-bent
3b73c3b61.png,Common Chickweed
3bbef3ecb.png,Black-grass
3d38a87bc.png,Shepherds Purse
3d65168c2.png,Sugar beet
3d67c434b.png,Small-flowered Cranesbill
3da774107.png,Charlock
3dd52bd2a.png,Black-grass
3e9f41817.png,Small-flowered Cranesbill
3ebbe9ca4.png,Scentless Mayweed
3eda9cbb6.png,Common wheat
3edf5e9ef.png,Loose Silky-bent
3eebd36c6.png,Scentless Mayweed
3efa1f66c.png,Small-flowered Cranesbill
3f64c2c1b.png,Small-flowered Cranesbill
3f826b318.png,Charlock
3f92d8039.png,Common wheat
3fbd0fc6a.png,Loose Silky-bent
3fbf1a417.png,Loose Silky-bent
4049a6ea6.png,Common wheat
406162ef9.png,Common Chickweed
406ecb5c5.png,Small-flowered Cranesbill
410e6f702.png,Maize
41e07778c.png,Scentless Mayweed
41f1c3cdb.png,Loose Silky-bent
4287d810c.png,Small-flowered Cranesbill
429211ee6.png,Cleavers
42e7ed442.png,Fat Hen
4392d93cf.png,Small-flowered Cranesbill
43ede9de9.png,Cleavers
444473900.png,Common Chickweed
446f7da01.png,Cleavers
44e8b8833.png,Sugar beet
456d507c0.png,Charlock
466bb6d3b.png,Loose Silky-bent
46c14fde2.png,Loose Silky-bent
47b7d8e17.png,Common Chickweed
47f9e5d91.png,Charlock
48231e475.png,Loose Silky-bent
4823c3ffa.png,Maize
486e59179.png,Loose Silky-bent
48d97c645.png,Black-grass
48ef6a2ff.png,Loose Silky-bent
490c4f9c8.png,Loose Silky-bent
4a337a4a9.png,Sugar beet
4ac29bbf0.png,Maize
4b032563b.png,Sugar beet
4b155fb07.png,Loose Silky-bent
4bbf1f6ea.png,Charlock
4bbfd1e05.png,Fat Hen
4bcdaa5e2.png,Loose Silky-bent
4c5ab9b68.png,Scentless Mayweed
4c7838de4.png,Cleavers
4c8005bbc.png,Charlock
4e1190d78.png,Sugar beet
4e18ab737.png,Loose Silky-bent
4e69d100a.png,Small-flowered Cranesbill
4e9d3765f.png,Shepherds Purse
4ea7493d5.png,Charlock
4f44ca525.png,Charlock
4f83143e1.png,Common Chickweed
502dff972.png,Charlock
506347cfe.png,Sugar beet
50de8a115.png,Loose Silky-bent
521b27a17.png,Cleavers
523e5505c.png,Charlock
5296835a0.png,Shepherds Purse
52a87abe5.png,Shepherds Purse
52dc7a4d6.png,Shepherds Purse
5315c2dca.png,Scentless Mayweed
534e74d83.png,Sugar beet
539961189.png,Sugar beet
53ceb4657.png,Shepherds Purse
53e6e9000.png,Sugar beet
54b3afd58.png,Sugar beet
54c8bb900.png,Common wheat
550a8b7e6.png,Common wheat
55251925f.png,Common Chickweed
558aa7deb.png,Cleavers
55920f07f.png,Loose Silky-bent
55a852f40.png,Fat Hen
55fed435f.png,Loose Silky-bent
56112b92c.png,Sugar beet
56a01b835.png,Common Chickweed
5779fe8b4.png,Scentless Mayweed
5817b766d.png,Scentless Mayweed
5883b423d.png,Fat Hen
589e643b8.png,Sugar beet
590f5aea6.png,Common Chickweed
592473c83.png,Common wheat
592cc5b89.png,Common Chickweed
59358cd44.png,Black-grass
593896f83.png,Scentless Mayweed
599691cd9.png,Black-grass
599c82eea.png,Charlock
59b2c6f2b.png,Loose Silky-bent
59c6a9f95.png,Loose Silky-bent
59e1cea8d.png,Scentless Mayweed
59f62ad1d.png,Loose Silky-bent
5a38ac566.png,Common wheat
5a6bf96f6.png,Common Chickweed
5af1d74ee.png,Scentless Mayweed
5b3000b9a.png,Charlock
5b3beec58.png,Shepherds Purse
5b63dcc21.png,Loose Silky-bent
5bbc0a255.png,Sugar beet
5bc6595f6.png,Fat Hen
5bd71f445.png,Loose Silky-bent
5bdcfa329.png,Scentless Mayweed
5c3cd7ea2.png,Scentless Mayweed
5ca0205f9.png,Small-flowered Cranesbill
5ca2687a4.png,Loose Silky-bent
5dcad9a53.png,Cleavers
5e6a237f2.png,Fat Hen
5eb9c26a6.png,Fat Hen
5ee9d0a5b.png,Cleavers
5f04aed97.png,Small-flowered Cranesbill
6049234e6.png,Scentless Mayweed
604dd663f.png,Common Chickweed
606647f64.png,Shepherds Purse
60ee66ddd.png,Common Chickweed
60f0bc617.png,Scentless Mayweed
60fea2ef6.png,Common wheat
615d2b0a9.png,Sugar beet
618de3d7a.png,Fat Hen
61b044411.png,Cleavers
61dd2cdc5.png,Small-flowered Cranesbill
632156793.png,Cleavers
63c07d340.png,Loose Silky-bent
647689543.png,Loose Silky-bent
64fe8beb9.png,Small-flowered Cranesbill
653193c1a.png,Cleavers
65489944f.png,Sugar beet
659412b1a.png,Loose Silky-bent
65d08b894.png,Fat Hen
65e262a6d.png,Loose Silky-bent
65e97117e.png,Sugar beet
664194d19.png,Charlock
6680836dd.png,Sugar beet
668c1007c.png,Sugar beet
66ab0e8d0.png,Fat Hen
675ec1b0b.png,Black-grass
67ce3eaa6.png,Maize
67e185673.png,Common Chickweed
686dc7ec8.png,Small-flowered Cranesbill
6908fb540.png,Loose Silky-bent
6982a9d30.png,Fat Hen
699d3c707.png,Fat Hen
69d1669f8.png,Loose Silky-bent
6a41bf95b.png,Cleavers
6a47821f9.png,Small-flowered Cranesbill
6b721f68e.png,Loose Silky-bent
6b9d6f8c9.png,Sugar beet
6ba4ef411.png,Scentless Mayweed
6bce55e05.png,Common Chickweed
6be169e41.png,Loose Silky-bent
6c874918c.png,Scentless Mayweed
6d6eb3830.png,Small-flowered Cranesbill
6da892be6.png,Scentless Mayweed
6db684fff.png,Small-flowered Cranesbill
6dd095129.png,Sugar beet
6df8e31ea.png,Common Chickweed
6edb96d45.png,Loose Silky-bent
6edc76e7c.png,Loose Silky-bent
711b46fba.png,Scentless Mayweed
71334c634.png,Common Chickweed
71b232519.png,Small-flowered Cranesbill
71e73a8a0.png,Sugar beet
71f5323c5.png,Scentless Mayweed
721b2c47a.png,Common Chickweed
721be0a4a.png,Sugar beet
728eabae1.png,Scentless Mayweed
73260a4ee.png,Loose Silky-bent
74068643d.png,Sugar beet
74d810f87.png,Loose Silky-bent
74fd477eb.png,Sugar beet
7506c0c02.png,Cleavers
752101fdf.png,Sugar beet
754b1adf8.png,Maize
756dd5070.png,Charlock
75cb95e91.png,Cleavers
7615e52d3.png,Common Chickweed
76555b064.png,Scentless Mayweed
7691014a1.png,Black-grass
7696badea.png,Charlock
76dbd1054.png,Common Chickweed
770a265f5.png,Loose Silky-bent
77ccb8b2a.png,Scentless Mayweed
780bd2a2c.png,Charlock
780defa2e.png,Maize
785a73ab8.png,Scentless Mayweed
78750e0ff.png,Black-grass
78b1bf91a.png,Loose Silky-bent
78c5fba1d.png,Sugar beet
79d93bc96.png,Loose Silky-bent
79dafec17.png,Fat Hen
79e5ea8fa.png,Common Chickweed
79fba50db.png,Common Chickweed
7a38416be.png,Common wheat
7b21ba6ba.png,Charlock
7b52585da.png,Common Chickweed
7beb2766f.png,Fat Hen
7c85b0265.png,Loose Silky-bent
7cabd68cc.png,Loose Silky-bent
7d22abf91.png,Loose Silky-bent
7d3045fc3.png,Black-grass
7d4cd07ad.png,Scentless Mayweed
7e9cf1c46.png,Loose Silky-bent
7f31c7f42.png,Charlock
7f46a71db.png,Loose Silky-bent
7f9e9565d.png,Common Chickweed
7fdb7202d.png,Fat Hen
800a8c17e.png,Common Chickweed
808578ed5.png,Shepherds Purse
808cf55c6.png,Small-flowered Cranesbill
809eb0b82.png,Loose Silky-bent
80e299ae9.png,Small-flowered Cranesbill
8104422bb.png,Black-grass
8170d33c1.png,Common Chickweed
824f5d4e5.png,Loose Silky-bent
827279bad.png,Scentless Mayweed
82b5f4d33.png,Shepherds Purse
8301b0547.png,Common Chickweed
8303b27ed.png,Loose Silky-bent
8311740de.png,Scentless Mayweed
835dc5447.png,Scentless Mayweed
837ac0270.png,Shepherds Purse
8455169fe.png,Small-flowered Cranesbill
851c90831.png,Shepherds Purse
85431c075.png,Scentless Mayweed
855955aaf.png,Loose Silky-bent
856f2910a.png,Loose Silky-bent
8585f9718.png,Scentless Mayweed
862b8e7a0.png,Charlock
86676d627.png,Loose Silky-bent
866be78b0.png,Small-flowered Cranesbill
86c309150.png,Fat Hen
86f08e6d1.png,Sugar beet
87608f7aa.png,Loose Silky-bent
87f627bf9.png,Common wheat
8874bba69.png,Scentless Mayweed
88ac6df54.png,Common wheat
88d8a4508.png,Loose Silky-bent
8916793ce.png,Maize
892e9d6c6.png,Loose Silky-bent
897e5a8de.png,Shepherds Purse
8a30b2de3.png,Loose Silky-bent
8a32d0bfa.png,Small-flowered Cranesbill
8a4d3a1b1.png,Shepherds Purse
8a8d6c712.png,Small-flowered Cranesbill
8ab8a958b.png,Small-flowered Cranesbill
8b043093d.png,Common Chickweed
8b27bfd2b.png,Fat Hen
8b9144917.png,Loose Silky-bent
8bc0261c9.png,Common Chickweed
8c98a6e9b.png,Scentless Mayweed
8c9953903.png,Cleavers
8ca6140ca.png,Small-flowered Cranesbill
8cf2e3e6c.png,Small-flowered Cranesbill
8cf909eb3.png,Small-flowered Cranesbill
8cfd98117.png,Sugar beet
8d6991365.png,Loose Silky-bent
8d6acbe9b.png,Sugar beet
8db450ce3.png,Cleavers
8dbb8e1b9.png,Common wheat
8e29abce1.png,Loose Silky-bent
8e2e5604e.png,Charlock
8e3ed0a25.png,Scentless Mayweed
8e4eaeec0.png,Loose Silky-bent
8e6ec1ca6.png,Sugar beet
8ece6efec.png,Shepherds Purse
8f523520c.png,Common Chickweed
8faadb6a8.png,Maize
90b595f12.png,Sugar beet
90d119d25.png,Loose Silky-bent
91e469b4a.png,Common Chickweed
92292055d.png,Small-flowered Cranesbill
93079d970.png,Maize
9326bda1b.png,Cleavers
93d76fd5d.png,Scentless Mayweed
948cdb277.png,Loose Silky-bent
9516e56c4.png,Loose Silky-bent
953496deb.png,Small-flowered Cranesbill
958bb9e96.png,Scentless Mayweed
963544aa0.png,Fat Hen
9643fc5f4.png,Common wheat
966ae5ad9.png,Common Chickweed
969a851be.png,Loose Silky-bent
96ecad7a1.png,Small-flowered Cranesbill
96f14d90c.png,Maize
974959ec1.png,Shepherds Purse
976e4e079.png,Cleavers
97844bfd5.png,Charlock
97b2f0a10.png,Small-flowered Cranesbill
98062cd87.png,Scentless Mayweed
98d819587.png,Common Chickweed
98da6ef4e.png,Small-flowered Cranesbill
99036c51d.png,Common Chickweed
99569b224.png,Small-flowered Cranesbill
995c7ab1e.png,Loose Silky-bent
9a3f20121.png,Small-flowered Cranesbill
9aa5587fe.png,Sugar beet
9b4800b42.png,Common Chickweed
9b9911f20.png,Sugar beet
9baf94467.png,Sugar beet
9c0c5b731.png,Sugar beet
9c32a797e.png,Maize
9c777333d.png,Scentless Mayweed
9c8b08a24.png,Loose Silky-bent
9cce7328c.png,Fat Hen
9d3cb4745.png,Charlock
9d79a1f0c.png,Common Chickweed
9df3275da.png,Sugar beet
9fab816f2.png,Common Chickweed
a006a475c.png,Sugar beet
a060c1cf8.png,Cleavers
a0b393945.png,Common Chickweed
a0f37c726.png,Fat Hen
a169b71e7.png,Small-flowered Cranesbill
a19c3faca.png,Shepherds Purse
a1da8be3c.png,Loose Silky-bent
a1e0a6c02.png,Scentless Mayweed
a254d71f6.png,Black-grass
a276c65f7.png,Sugar beet
a2b703e21.png,Fat Hen
a2c89c367.png,Charlock
a2d25b4f3.png,Common Chickweed
a35fd6fbb.png,Sugar beet
a38b8a581.png,Scentless Mayweed
a3b375b34.png,Scentless Mayweed
a3d0031fd.png,Shepherds Purse
a4b61a4ea.png,Common Chickweed
a544fc46d.png,Shepherds Purse
a55d26a4c.png,Shepherds Purse
a5db42f7d.png,Small-flowered Cranesbill
a74bf916d.png,Small-flowered Cranesbill
a74d475c2.png,Loose Silky-bent
a7bd7cadb.png,Loose Silky-bent
a800caead.png,Loose Silky-bent
a83820a2c.png,Cleavers
a8388a37f.png,Common Chickweed
a85b48a95.png,Fat Hen
a85fc8c9a.png,Scentless Mayweed
a890ac088.png,Fat Hen
a8b431a3e.png,Maize
a8c8a1db0.png,Common wheat
a8da9c08d.png,Sugar beet
a8de7c1b7.png,Loose Silky-bent
a935ca110.png,Common Chickweed
a93f940d6.png,Fat Hen
a9d2eab61.png,Sugar beet
aa7d098d1.png,Loose Silky-bent
aad8375e0.png,Small-flowered Cranesbill
aaf4da98f.png,Small-flowered Cranesbill
ab0f67743.png,Maize
ab35453cb.png,Fat Hen
abc331628.png,Small-flowered Cranesbill
abf8b0772.png,Small-flowered Cranesbill
ac3193f78.png,Shepherds Purse
ac75d3326.png,Cleavers
acdb75e00.png,Charlock
ace8761dd.png,Small-flowered Cranesbill
ad12382d4.png,Charlock
adb7a032c.png,Fat Hen
ae90f2827.png,Common Chickweed
aecfaed64.png,Cleavers
aee6fa3df.png,Cleavers
af45e222a.png,Shepherds Purse
afa446484.png,Common Chickweed
afcf6abd5.png,Common wheat
b026bf8ca.png,Charlock
b03397525.png,Scentless Mayweed
b0acaff4a.png,Scentless Mayweed
b130a0632.png,Maize
b145ba9d4.png,Common Chickweed
b1cd2a91e.png,Small-flowered Cranesbill
b215531dd.png,Cleavers
b2706e2b3.png,Maize
b29339405.png,Fat Hen
b30ab4659.png,Fat Hen
b31292706.png,Scentless Mayweed
b341d0aab.png,Common Chickweed
b39c71707.png,Common wheat
b3d6fdb80.png,Maize
b3e08b037.png,Loose Silky-bent
b47691c08.png,Small-flowered Cranesbill
b4c3df835.png,Fat Hen
b4f7c9214.png,Small-flowered Cranesbill
b573b7a56.png,Loose Silky-bent
b5c7fd009.png,Sugar beet
b62dca166.png,Loose Silky-bent
b687160f5.png,Scentless Mayweed
b6a3f7876.png,Black-grass
b6f3d8b5d.png,Common Chickweed
b7192c70f.png,Scentless Mayweed
b7a7f6390.png,Loose Silky-bent
b7ad92859.png,Small-flowered Cranesbill
b828443ff.png,Scentless Mayweed
b9062c1c8.png,Scentless Mayweed
b944a49ca.png,Common Chickweed
b98327bf4.png,Charlock
ba3ce6b3e.png,Small-flowered Cranesbill
bb1c84bbc.png,Fat Hen
bb1d1bfd3.png,Cleavers
bb20fce02.png,Cleavers
bb64660b7.png,Sugar beet
bb7621cb3.png,Common Chickweed
bd72d4d8a.png,Sugar beet
bd789d151.png,Shepherds Purse
bdde957ec.png,Charlock
be2499cf4.png,Small-flowered Cranesbill
be341dbdc.png,Sugar beet
bea23d9f8.png,Small-flowered Cranesbill
bebcaab66.png,Charlock
beebe5f4e.png,Sugar beet
bf3924a57.png,Charlock
bf66b9cd2.png,Sugar beet
bfab3e3d0.png,Scentless Mayweed
bffc08672.png,Scentless Mayweed
c0461776c.png,Charlock
c069fc3fa.png,Cleavers
c06e7c748.png,Scentless Mayweed
c0bc3997b.png,Scentless Mayweed
c0d9e170b.png,Sugar beet
c0f5d9ac8.png,Shepherds Purse
c10ccbd82.png,Cleavers
c10db7ae2.png,Small-flowered Cranesbill
c1ecff98b.png,Common Chickweed
c26ccf73c.png,Fat Hen
c2de6020a.png,Scentless Mayweed
c35efa095.png,Loose Silky-bent
c4ed8ed38.png,Sugar beet
c50335991.png,Cleavers
c5078bac5.png,Small-flowered Cranesbill
c5e419015.png,Loose Silky-bent
c5e88cd42.png,Fat Hen
c60e91e07.png,Scentless Mayweed
c63da993b.png,Fat Hen
c64370a72.png,Fat Hen
c6b76307d.png,Shepherds Purse
c6c8d4ba0.png,Loose Silky-bent
c7051c902.png,Black-grass
c74c5b7fc.png,Charlock
c75a82234.png,Fat Hen
c7ae30f3a.png,Common Chickweed
c7b07431e.png,Cleavers
c7eb96871.png,Fat Hen
c832e4302.png,Common Chickweed
c85ef220d.png,Small-flowered Cranesbill
c88ebfb47.png,Scentless Mayweed
c8f50f0c3.png,Loose Silky-bent
caa2fbd79.png,Common Chickweed
cadab6616.png,Common Chickweed
cae684f8f.png,Scentless Mayweed
cb496f36e.png,Common Chickweed
cb76a7766.png,Loose Silky-bent
cbba27d89.png,Scentless Mayweed
cbe761896.png,Common Chickweed
cc3d2a59a.png,Loose Silky-bent
cc74feadc.png,Fat Hen
cd5f0db1c.png,Charlock
cd6adba97.png,Common Chickweed
ce15eee52.png,Scentless Mayweed
ce3d280eb.png,Sugar beet
ce42adffb.png,Fat Hen
cec5bf198.png,Charlock
cf3a8b2fd.png,Cleavers
cf46d09c5.png,Common wheat
cf90fc52d.png,Shepherds Purse
cfb18d262.png,Small-flowered Cranesbill
cfd8165e9.png,Fat Hen
d0152bd7c.png,Cleavers
d01873fdd.png,Charlock
d09275360.png,Common Chickweed
d09d24c58.png,Fat Hen
d0cdc768f.png,Loose Silky-bent
d102e1a15.png,Common Chickweed
d14aa43f3.png,Scentless Mayweed
d17f48d3b.png,Fat Hen
d2f0f326e.png,Black-grass
d2f422ccb.png,Small-flowered Cranesbill
d2fd9df40.png,Black-grass
d3331e071.png,Sugar beet
d350a25fa.png,Small-flowered Cranesbill
d41d87796.png,Charlock
d488a4fe1.png,Sugar beet
d515398fd.png,Common wheat
d563be369.png,Charlock
d5f7dd60a.png,Fat Hen
d668409ff.png,Loose Silky-bent
d689256be.png,Small-flowered Cranesbill
d6c8c3c48.png,Scentless Mayweed
d6d31dcbe.png,Shepherds Purse
d6d80a321.png,Small-flowered Cranesbill
d7017f701.png,Cleavers
d84d37a61.png,Maize
d89db156f.png,Maize
d8f4923f8.png,Sugar beet
d93c7ab6d.png,Scentless Mayweed
d9c50616e.png,Common Chickweed
da231c97f.png,Loose Silky-bent
da4ed3a28.png,Scentless Mayweed
da5255450.png,Loose Silky-bent
da713c465.png,Loose Silky-bent
da9ef7858.png,Charlock
dabe3e5be.png,Sugar beet
dabea05f4.png,Shepherds Purse
dc4cd56a3.png,Fat Hen
dc55449b2.png,Black-grass
dcd7ff249.png,Common Chickweed
dce2f6612.png,Common Chickweed
dd5ec63d9.png,Charlock
dd9f36df7.png,Loose Silky-bent
de0b79659.png,Sugar beet
df11d56a7.png,Scentless Mayweed
df521c0c0.png,Common Chickweed
df7cb5f87.png,Small-flowered Cranesbill
dfb1d9012.png,Loose Silky-bent
e0ec5b6a1.png,Fat Hen
e14afa235.png,Common Chickweed
e15472085.png,Loose Silky-bent
e15fce4f2.png,Common Chickweed
e1809cef2.png,Maize
e19673dc9.png,Scentless Mayweed
e19ad6ac9.png,Maize
e1a0e3202.png,Sugar beet
e1abb4ff9.png,Shepherds Purse
e3f50adfc.png,Charlock
e471f1d3a.png,Scentless Mayweed
e478c452c.png,Charlock
e4a76885b.png,Cleavers
e4d5ec761.png,Black-grass
e5064f6be.png,Fat Hen
e52493d0b.png,Fat Hen
e5297b675.png,Fat Hen
e5368474f.png,Fat Hen
e5881dd33.png,Loose Silky-bent
e5e3dccff.png,Sugar beet
e6f1211a2.png,Scentless Mayweed
e7077322d.png,Loose Silky-bent
e721c6ac8.png,Black-grass
e73e308be.png,Loose Silky-bent
e783f5a4f.png,Maize
e80a259c5.png,Sugar beet
e82017baa.png,Common wheat
e84464f5a.png,Black-grass
e88bf0db9.png,Charlock
e901b0f28.png,Scentless Mayweed
e921021a8.png,Sugar beet
e96e57a90.png,Shepherds Purse
e98e5d1d5.png,Common Chickweed
e9cd91682.png,Shepherds Purse
e9d48d664.png,Scentless Mayweed
eaf0815e2.png,Common Chickweed
ec08a5d56.png,Common Chickweed
ede6b84b4.png,Loose Silky-bent
edfdb4aeb.png,Sugar beet
eec1079a1.png,Loose Silky-bent
eef131644.png,Sugar beet
ef02b4ee7.png,Small-flowered Cranesbill
ef3e232ad.png,Cleavers
ef65533d5.png,Scentless Mayweed
ef74dbcad.png,Scentless Mayweed
ef7a5651d.png,Maize
ef9676433.png,Shepherds Purse
efe19dc32.png,Common wheat
f0ffa00bd.png,Scentless Mayweed
f1e87cba7.png,Common Chickweed
f1f7c833f.png,Charlock
f23faf9c1.png,Scentless Mayweed
f25996db8.png,Shepherds Purse
f2dc546ca.png,Charlock
f33e9d918.png,Maize
f351ce097.png,Black-grass
f3fcfff1b.png,Fat Hen
f4021df6c.png,Sugar beet
f4234cf4f.png,Common wheat
f445fe6fb.png,Common Chickweed
f48916a8c.png,Scentless Mayweed
f4ad9d950.png,Sugar beet
f4caf74f9.png,Small-flowered Cranesbill
f4e7733d4.png,Black-grass
f593c9cf0.png,Charlock
f66ae4070.png,Common Chickweed
f6d250856.png,Cleavers
f8318faf1.png,Small-flowered Cranesbill
f85ed9b6d.png,Loose Silky-bent
f9b6bfb00.png,Common Chickweed
f9ea23fb5.png,Shepherds Purse
f9f35cbd4.png,Cleavers
fa5fd1384.png,Common Chickweed
fa9f3a8f9.png,Cleavers
fadc6adbc.png,Sugar beet
fb022edf9.png,Loose Silky-bent
fba8fc78a.png,Black-grass
fbf88b6be.png,Shepherds Purse
fc3e58836.png,Loose Silky-bent
fc6f686fb.png,Common Chickweed
fd253a74e.png,Sugar beet
fd87b36ae.png,Black-grass
fd925f542.png,Fat Hen
fda0b5c38.png,Charlock
fda39e16f.png,Scentless Mayweed
fdea6b119.png,Small-flowered Cranesbill
fe29629fb.png,Common Chickweed
fe9e87b78.png,Maize
fea1d13d6.png,Loose Silky-bent
fea355851.png,Sugar beet
fea3da57c.png,Loose Silky-bent
fef2ade8c.png,Fat Hen
ff65bc002.png,Common Chickweed
ffc6f8527.png,Fat Hen
